kpi,P10,P25,P50,P75,P90,Mean,Std,Count
net_profit_margin_pct,4.619194610984474,7.24774515132234,14.021605915440947,20.349008890302265,29.24548245324143,19.93832104128724,45.19482436739308,92
operating_profit_margin_pct,9.83790949444634,16.008217692276524,25.833656455990692,40.154298741775634,84.04312668463612,34.799919918115016,27.254591291247692,91
return_on_equity_pct,8.38715581193502,11.610074894147942,15.797288098044476,25.92799708071795,47.9660500559221,122.62768808327813,633.750744966276,92
debt_to_equity,0.009002231055778118,0.06143770734982858,0.4357953051600383,1.6443674689391654,6.580315941867813,1.7874114799613599,3.0769079227670675,92
interest_coverage,1.6106611743349857,3.179969072942309,11.361290955463998,58.089466998549725,192.2895238095238,126.16768429997555,485.931709037861,91
asset_turnover,0.07215877547416606,0.20375406704644652,0.6705257995027023,1.1319188612860254,1.6522764149087132,3.4674172842653745,15.764211442459969,92
free_cash_flow_cr,-14435.1,-1290.0,1123.5,8348.5,20412.2,918.4565217391304,23129.88559067358,92
cash_from_operations_cr,-7210.900000000001,1863.75,6023.0,15964.0,35254.60000000004,10199.673913043478,34446.48000712859,92
revenue_cagr_5yr,5.838805854237616,8.440832121892061,11.836370175898114,17.183239296281414,21.16813430936688,12.97836752078014,7.423848118291353,91
fcf_cagr_5yr,-19.192198979312423,-4.084691775373672,12.587455896850509,26.289449606086293,40.759860594299404,15.226138335925993,40.23508147495433,48
